name,value
min,0
median,1.0108409645553678
p90,3.3958511536476856
p95,7.273591008486979
p99,37.545112442514935
p995,54.31609302170495
max,Inf
