name,value
min,0
median,1.0231880304772931
p90,3.2820460346714193
p95,7.826931506009295
p99,32.20443426753903
p995,48.274710563311324
max,62.22923177273479
