name,value
min,0
median,1.0334779072919489
p90,3.9072123675782207
p95,8.355762775998402
p99,39.66279325633315
p995,53.589927633409545
max,102.5022050972564
