name,value
min,0
median,1.0612989159080872
p90,4.144866408885691
p95,8.587067651776767
p99,42.89391598841541
p995,61.23848479403187
max,94.80558474703497
