name,value
min,0
median,1.0529891304347825
p90,4.6882986651088485
p95,8.98459977396997
p99,38.49597257949741
p995,62.51670678739528
max,100.0505944852011
