name,value
min,0
median,1.063416284292424
p90,4.4325492151473265
p95,9.435994482152205
p99,41.524276296391825
p995,66.07369497677618
max,94.74232170744403
