name,value
min,0
median,1.0120607214354749
p90,3.440923439122849
p95,7.620870419231592
p99,33.957899555526694
p995,50.51935574983945
max,76.70150987224159
