name,value
min,0
median,1.0251035147756706
p90,3.7958508408644214
p95,8.35771216209327
p99,39.66164575307515
p995,52.31783144384407
max,104.47211073798019
