name,value
min,0
median,1.0594024062162997
p90,4.696757876224715
p95,8.766975447324803
p99,41.486798119780666
p995,66.00717496469011
max,100.4169148302561
