name,value
min,0
median,1.043669443851029
p90,4.814942191144292
p95,8.935808279240455
p99,35.368362279464485
p995,55.846758753565865
max,100.14668622482998
