name,value
min,0
median,1.050498022457519
p90,4.790013108594712
p95,9.271028708488199
p99,34.270497672753216
p995,59.43005296093625
max,100.3659174072138
