name,value
min,0
median,1.0670037926675096
p90,4.478141984372533
p95,9.08219377125326
p99,39.73145019179732
p995,64.12254945695119
max,94.34991273996509
