name,value
min,0
median,1.029909524831039
p90,3.52806533770267
p95,8.020137414668664
p99,35.73595313244414
p995,49.969236628474505
max,107.90826294748865
