name,value
min,0
median,1.0269205315644945
p90,3.9290419725202335
p95,8.3083601192318
p99,37.544186275713265
p995,54.33742382724324
max,99.21564632779872
