name,value
min,0
median,1.0318794580797312
p90,3.436646066924111
p95,8.053064182313163
p99,31.504581939805632
p995,48.54621548866136
max,62.67933557719993
