name,value
min,0
median,1.0239777487253858
p90,3.383311150989951
p95,7.938158771899775
p99,32.29102881088281
p995,47.84486328969929
max,63.314900309471874
