name,value
min,0
median,1.0722013603857983
p90,4.309927370882728
p95,8.924137106930909
p99,41.368394039281426
p995,62.74926333309544
max,88.84279664678938
