name,value
min,0
median,1.0071928487797912
p90,3.192000688448363
p95,6.703648848021242
p99,33.149285214298274
p995,41.734070771194084
max,59.950555468627755
