name,value
min,0
median,1.0550951503990178
p90,4.340277777777778
p95,8.782493957983807
p99,41.81851138119863
p995,64.46536323337351
max,90.7628241529434
