name,value
min,0
median,1.0216219134969182
p90,3.4087879411249804
p95,7.626046922784006
p99,32.88388731748776
p995,48.64200592180946
max,61.57908678520579
