name,value
min,0
median,1.028291852367933
p90,3.8743413882657096
p95,8.18927826817446
p99,36.83354500816951
p995,55.97368353852417
max,96.69770400786535
