name,value
min,0
median,1.0543033108969597
p90,4.488403756768859
p95,9.149960796883716
p99,40.90367040879352
p995,65.31785865078352
max,92.86479120023363
