name,value
min,0
median,1.0370856212283017
p90,3.9639077598043553
p95,8.360785197525724
p99,41.37983309875402
p995,59.04214079961724
max,94.24846118207691
