name,value
min,0
median,1.0304289194362277
p90,3.8817663201146764
p95,8.114010778606222
p99,38.59700894271959
p995,54.71614949388497
max,99.43303380402226
