name,value
min,0
median,1.0114399119270379
p90,3.2733224222585924
p95,6.951973375820364
p99,27.583094364377644
p995,39.63024105913979
max,56.57345451762925
