name,value
min,0
median,1.0162098779147766
p90,3.318986644793277
p95,7.355546021261475
p99,33.33895695076694
p995,50.9854387098969
max,73.14551919949278
