name,value
min,0
median,1.0298840944002234
p90,3.9389118086926986
p95,8.566566967997892
p99,40.5875508759446
p995,58.310806017104284
max,95.11270952411533
