name,value
min,0
median,1.073924712531348
p90,4.560788715797087
p95,8.70973485736863
p99,40.72682466916576
p995,65.34253156279868
max,97.29896907216495
