name,value
min,0
median,1.025844114636887
p90,3.8876400210187776
p95,8.350315691773389
p99,39.43086489278202
p995,53.08403097458379
max,101.83572289963821
