name,value
min,0
median,1.0146493833409764
p90,3.37339836269936
p95,8.093411243285308
p99,40.82347732534603
p995,53.4011597084557
max,Inf
