name,value
min,0
median,1.0729265542223412
p90,4.187994416007446
p95,8.675131350256198
p99,40.84807415340306
p995,62.787143852456325
max,92.05391982972685
