name,value
min,0
median,1.0081744892087174
p90,3.1700577094743245
p95,7.000089542463842
p99,33.31352620680924
p995,41.87675251085001
max,59.0559162762664
