name,value
min,0
median,1.0556835420837742
p90,4.777340560734773
p95,8.68179975287718
p99,39.7133333265171
p995,62.515690731770526
max,100.65618422681689
