name,value
min,0
median,1.0605703863646436
p90,4.39200443203242
p95,9.288315304076617
p99,41.05544894254031
p995,65.75925995482348
max,92.40957717778909
