name,value
min,0
median,1.0198878123406425
p90,3.7826496235150593
p95,8.311479501584214
p99,43.594935659543914
p995,68.57355592369018
max,113.8018534863195
