name,value
min,0
median,1.0300973269525517
p90,3.702675113200536
p95,8.220050357124505
p99,39.0290171135109
p995,50.795089527293364
max,106.43720006619228
