name,value
min,0
median,1.0226754220643959
p90,3.856407958614323
p95,8.428339337430241
p99,39.92078382322287
p995,51.98637876728458
max,102.87192156257238
