name,value
min,0
median,1.0157269857071614
p90,3.3874146648603176
p95,7.591889458465646
p99,33.888662492579236
p995,49.13075877168413
max,69.98128286639532
