name,value
min,0
median,1.0433910132376927
p90,4.767529279859243
p95,8.430838178294552
p99,35.39381825685262
p995,55.94135469140433
max,100.14668622482998
