name,value
min,0
median,1.04859623407374
p90,4.853876616145824
p95,8.42625990652306
p99,34.64877766706421
p995,58.56493718078211
max,102.45788456227561
