name,value
min,0
median,1.0241126401255918
p90,3.4306387737560375
p95,7.627339170730538
p99,32.76425290192907
p995,48.47030387227666
max,60.35662740351041
