name,value
min,0
median,1.026694045174538
p90,3.9206623796744102
p95,8.390410338333584
p99,38.10991977346514
p995,56.79682337367134
max,95.08354369515565
