min,median,p90,p95,p99,p995,max
0,1.04859623407374,4.853876616145824,8.42625990652306,34.64877766706421,58.56493718078211,102.45788456227561
