name,value
min,0
median,1.0434328942219904
p90,4.149201184750044
p95,8.365131201945823
p99,42.29937377311248
p995,60.91287069328908
max,95.2653002927944
