name,value
min,0
median,1.0654638471917548
p90,4.493606151121969
p95,9.216695483891877
p99,38.89706200218309
p995,66.31325919370285
max,99.59988289255392
