name,value
min,0
median,253.40801164698632
p90,3692.2781670096488
p95,6109.551273108883
p99,41607.988740928005
p995,62547.10306317685
max,181595.52134359692
