name,value
min,0
median,603.2936572639818
p90,8443.650921429205
p95,15426.49111465213
p99,96154.46032607384
p995,137367.06913653758
max,366284.88129945856
