name,value
min,0
median,501.37563749054436
p90,6666.874007374434
p95,11506.019921638905
p99,74450.1846627591
p995,101928.85398323147
max,276988.75468554767
