name,value
min,0
median,665.1884700665189
p90,8023.380848020827
p95,14272.550366300364
p99,92196.40696560348
p995,139643.21395723897
max,341878.38400666387
