name,value
min,0
median,251.4735962018944
p90,3476.374425067138
p95,5657.072076565413
p99,38396.43443641222
p995,55143.067069040015
max,175472.35829251225
