name,value
min,0
median,188.78167068792942
p90,2812.981940802938
p95,4457.943344912317
p99,30229.341261851376
p995,38969.75432099012
max,122256.5687789799
