name,value
min,0
median,495.19776928637816
p90,6383.330908278713
p95,11033.04686824391
p99,72498.829424145
p995,96026.2822516756
max,264952.10329029575
