name,value
min,0
median,363.0199027425588
p90,4375.532776000605
p95,7062.236271879356
p99,50493.41299088871
p995,68985.22891587236
max,301081.9165378671
