name,value
min,0
median,364.42297014980034
p90,4457.782809974824
p95,7149.537977592128
p99,51565.09913861318
p995,70487.63488778897
max,341267.3879443586
