name,value
min,0
median,267.6550296937428
p90,3750.1118420284834
p95,6172.23882096015
p99,41593.05607864718
p995,61853.97776898314
max,181875.43736878937
