name,value
min,0
median,449.24007053488964
p90,5809.436028882748
p95,10032.317285125631
p99,67264.86367531339
p995,89148.11403442944
max,239400.2498958767
