name,value
min,0
median,337.5843094747322
p90,4173.73809378915
p95,6777.940634647387
p99,48686.869406789454
p995,70225.11259417848
max,258423.49304482224
