name,value
min,0
median,221.0480475017789
p90,3070.655245871086
p95,5202.742764570115
p99,32886.25046048171
p995,49160.45749642899
max,150804.75857242828
