name,value
min,0
median,617.0634716894815
p90,10183.698266463602
p95,19064.018138513125
p99,153506.9683907321
p995,219655.1603752926
max,435797.5843398584
