name,value
min,0
median,297.5979149350297
p90,3872.3995980374666
p95,6373.994202721045
p99,43743.978646474134
p995,68525.98551330036
max,195208.65533230294
