name,value
min,0
median,384.31682793333664
p90,4757.732117424284
p95,7617.811157873479
p99,57781.769748589635
p995,87233.32261589599
max,463523.9567233385
