name,value
min,0
median,443.56087989259527
p90,5576.925800994024
p95,9635.60254789002
p99,62883.12050548599
p995,83969.38756796968
max,226280.7163681799
