name,value
min,0
median,242.99211280670858
p90,3394.9317729215722
p95,5572.817276834035
p99,37672.957411252806
p995,54694.38565723851
max,178551.4345696291
