name,value
min,0
median,393.88127739349636
p90,4647.247091522605
p95,7517.680070220918
p99,54841.74905471332
p995,72366.2019547537
max,411901.08191653783
