name,value
min,0
median,633.7612572443273
p90,9003.95478455873
p95,16838.42974657463
p99,110574.7489612194
p995,162857.8161765402
max,391836.7346938775
