name,value
min,0
median,244.7114708356396
p90,3542.644130030344
p95,5766.7814160666585
p99,40070.5275959744
p995,58527.143071870676
max,183554.933519944
