name,value
min,0
median,337.9636226241195
p90,4059.5623640302133
p95,6675.5310286522945
p99,48035.13483259453
p995,69818.4174744726
max,244513.1375579598
