name,value
min,0
median,286.4792882544658
p90,3763.603852005933
p95,5979.54667672297
p99,42718.64474259599
p995,68264.33817953516
max,184604.6186144157
