name,value
min,0
median,301.98356841828274
p90,3923.2896521907696
p95,6473.505247701136
p99,44621.42427422336
p995,68080.09565724529
max,206182.38021638332
