name,value
min,0
median,588.5349308216003
p90,7392.958533606437
p95,12820.291264086429
p99,82799.56975241246
p995,119057.48698100491
max,307850.8954602249
