name,value
min,0
median,380.5064086050703
p90,4566.036831315722
p95,7247.758917728658
p99,52251.612239732545
p995,70493.00343622311
max,352395.67233384855
