name,value
min,0
median,344.47605066270137
p90,4268.049935511408
p95,6950.796736114213
p99,49750.98187398634
p995,70250.33410252805
max,287326.1205564142
