name,value
min,0
median,223.5142450273275
p90,3179.093271647384
p95,5324.617813296752
p99,33528.11874585723
p995,52203.60193935424
max,165115.46536039189
