name,value
min,0
median,404.73856567952976
p90,4877.722231646009
p95,7635.853471847726
p99,57887.43134023098
p995,75677.54897699898
max,497063.36939721793
