name,value
min,0
median,352.3398957046462
p90,4609.378654528359
p95,7383.858640099172
p99,53891.18215841335
p995,72722.2254542018
max,394281.2982998455
