name,value
min,0
median,547.8673964680368
p90,7079.223970338792
p95,12458.185619605469
p99,80702.50342993006
p995,114455.03040119476
max,295980.84131611825
