name,value
min,0
median,295.89108300619773
p90,3730.841731154197
p95,6167.738999881792
p99,43145.0493280566
p995,68303.3347351387
max,185794.26172148355
