name,value
min,0
median,627.431296273058
p90,9346.96767780068
p95,17466.13975001021
p99,121810.99391983297
p995,174445.6961127528
max,404768.8463140358
