name,value
min,0
median,700.3396203261088
p90,10193.364984040885
p95,19587.22745771089
p99,157454.43668105558
p995,224558.09117645497
max,441087.04706372344
