name,value
min,0
median,401.2876916343499
p90,5033.594963988749
p95,7679.53486357485
p99,59912.67891794247
p995,79484.79242309225
max,554868.6244204019
