name,value
min,0
median,317.85545721481765
p90,3891.228270803192
p95,6599.41568812656
p99,46254.82083805032
p995,68814.69926021666
max,220092.73570324574
