name,value
min,0
median,326.9478366041122
p90,3999.230632656685
p95,6704.7104731741
p99,46908.343171740824
p995,69054.90761148316
max,228902.62751159197
