name,value
min,0
median,248.89675309930374
p90,3595.7262781172813
p95,5876.518887631713
p99,40459.43240889949
p995,59802.65270381217
max,180965.71028691393
