name,value
min,0
median,203.36551899751382
p90,2938.3297828779623
p95,4929.998322804384
p99,32477.272187666917
p995,42579.91674835903
max,128411.47655703289
