name,value
min,0
median,422.3897552411443
p90,5394.54669722528
p95,9098.065465529999
p99,61738.49073621706
p995,83985.96357603314
max,220220.7413577676
