name,value
min,0
median,1.1908132647456973
p90,6.189121964597776
p95,11.42106746525992
p99,53.35995782014891
p995,106.42178990747834
max,194.63014300346273
