name,value
min,0
median,1.0015158898751961
p90,4.376154572901855
p95,8.611051813539563
p99,40.73251238859635
p995,55.23509186895305
max,81.80707865667299
