name,value
min,0
median,1.1825899216397304
p90,6.92618580519042
p95,13.682684535683329
p99,56.451324715639466
p995,106.40947750342795
max,293.783609377237
