name,value
min,0
median,1.2510206579902283
p90,6.5629705386821495
p95,12.717246205112861
p99,57.79723897805319
p995,126.39096172385132
max,237.9786295086141
