name,value
min,0
median,1.066981893235763
p90,4.793840466471289
p95,9.23854516566841
p99,49.08633582387772
p995,63.79990014529224
max,86.41868673974672
