name,value
min,0
median,1.1953817616197884
p90,6.3770609588125176
p95,11.580553127248455
p99,54.81371553616435
p995,113.53933739483685
max,207.90741082536468
