name,value
min,0
median,1.2142364907400605
p90,6.358065487011154
p95,11.429219441119432
p99,54.44885659699612
p995,112.34996854756012
max,197.30711114135337
