name,value
min,0
median,1
p90,4.274947310937208
p95,8.35664970094807
p99,46.19143454573883
p995,54.960689613393825
max,87.39310651975417
