name,value
min,0
median,1.2489756435019768
p90,6.50948517581054
p95,12.338012459663355
p99,57.37034593074554
p995,123.67881342131297
max,227.81260843723877
