name,value
min,0
median,1.1588232416162554
p90,5.8967370509216686
p95,10.653725844929374
p99,51.78644495222082
p995,93.90696794480594
max,184.660289107328
