name,value
min,0
median,1.1064898125377975
p90,5.024350563118021
p95,9.829428108450928
p99,42.559906172069276
p995,60.18058107789465
max,94.76291648938512
