name,value
min,0
median,1.0962884561847153
p90,5.175869001885587
p95,10.232657951948044
p99,53.946809946128944
p995,86.27964921772858
max,180.54965179684015
