name,value
min,0
median,1.1052046722255453
p90,5.186018300335887
p95,9.892714453224558
p99,62.288378873492334
p995,102.84568800206054
max,216.79436770303408
