name,value
min,0
median,1.1139975560646822
p90,5.09397660583909
p95,9.99376484081793
p99,42.830411766774375
p995,61.354284092673375
max,93.23659624415617
