name,value
min,0
median,1.1273049159895077
p90,5.312916103134974
p95,10.28957155639229
p99,51.07943355270171
p995,87.81283288791943
max,179.16008324384669
