name,value
min,0
median,1.243622767817111
p90,6.837309435953216
p95,13.007976226577808
p99,55.569903574804904
p995,110.46270853224823
max,254.8950757116672
