name,value
min,0
median,1.2271256281641838
p90,6.793737655553771
p95,12.684044879546391
p99,56.652359583721676
p995,112.40405196384049
max,281.3306155524798
