name,value
min,0
median,1.140600806271666
p90,5.733548673553878
p95,10.762287696565485
p99,50.079914610784115
p995,90.33413853159453
max,181.78849542900272
