name,value
min,0
median,1.0473154857648135
p90,4.734844078471438
p95,9.511374018144387
p99,50.631035543310176
p995,60.95932462021256
max,95.6736418537679
