name,value
min,0
median,1.1080350656757816
p90,4.905080139774082
p95,9.824514779675848
p99,44.35597882460384
p995,64.84705283819594
max,91.3377912977984
