name,value
min,0
median,1.045191711073801
p90,4.651649865005566
p95,9.041822472066265
p99,50.515474150175564
p995,63.84484225322602
max,101.76633078561939
