name,value
min,0
median,1.2312414978113013
p90,6.369270905310159
p95,11.771102168444449
p99,57.27055985695874
p995,116.84885237851252
max,212.7156913315927
