name,value
min,0
median,1.0008323901920653
p90,4.434463806680161
p95,8.727028628923394
p99,46.36148010208978
p995,59.023324687483125
max,80.3113681816242
