name,value
min,0
median,1.2466334458977821
p90,6.631900793096082
p95,12.949204716574119
p99,56.23437331826482
p995,112.52042510848159
max,263.9470367823264
