name,value
min,0
median,1.0962978857696135
p90,5.016386927558296
p95,9.510504977495303
p99,55.21352711715302
p995,84.39868064338795
max,181.80426243397523
