name,value
min,0
median,1.23538675893515
p90,6.7330825919444965
p95,12.717556891406103
p99,55.32974414817019
p995,108.33970270746308
max,244.7991044944885
