name,value
min,0
median,1
p90,4.225355138785495
p95,8.258216169142376
p99,44.31738542642644
p995,54.8100064646497
max,90.23520568380489
