name,value
min,0
median,1.0686869165240966
p90,4.869531267617691
p95,9.545498033601636
p99,47.30519867629576
p995,66.15126570294476
max,87.47719760574087
