name,value
min,0
median,1.174721403491223
p90,5.96420710428174
p95,10.485882050732982
p99,52.600028046594865
p995,101.09900719327565
max,186.14149028888536
