name,value
min,0
median,1.1720692417625678
p90,6.053173338362585
p95,10.851590879248516
p99,52.76052877134195
p995,102.44589539420318
max,186.3761227843985
