name,value
min,0
median,1.156102392787433
p90,5.895380845490366
p95,10.295976505533071
p99,52.88261808798208
p995,96.2966796491791
max,182.86710113607776
