name,value
min,0
median,1.1525202767703233
p90,5.8001956407680035
p95,10.745457392707772
p99,51.45138142354131
p995,93.07925344413803
max,181.50456881882903
