name,value
min,0
median,1.0264265690680516
p90,4.547959053618026
p95,8.765084850277812
p99,40.52636444327985
p995,57.66518060084762
max,79.04343859725725
