name,value
min,0
median,1.043805306024421
p90,4.794226340252318
p95,9.434201013138685
p99,50.16499072476543
p995,63.51103632519534
max,108.73365708553175
