name,value
min,0
median,1.2516177570572866
p90,6.581443142534694
p95,11.97696677964747
p99,57.273499270082155
p995,120.62294698038023
max,222.3822824238
