name,value
min,0
median,1.203106881547175
p90,6.914177060497284
p95,13.19988431076139
p99,55.39943472849664
p995,107.09687004740073
max,290.8439120113018
