name,value
min,0
median,1.1269310143537221
p90,5.45003901890189
p95,10.495816201710696
p99,51.70909850737374
p995,88.58201670383134
max,184.1144985182717
