name,value
min,0
median,1.143293985970851
p90,5.726691022024024
p95,10.946530465123631
p99,52.00694911986736
p995,91.26819116862359
max,185.03148133083866
