name,value
min,0
median,1.1632645005395335
p90,5.816037713486388
p95,10.307003218923057
p99,51.88189330249586
p995,97.90803982742997
max,181.68762628849404
