name,value
min,0
median,1.2007906694729797
p90,6.2163014231078915
p95,11.439833227600737
p99,53.68554897914845
p995,108.44371985511408
max,197.5740627890563
